,City,Lat,Lon,Max Temp,Humidity,Cloudiness,Wind Speed,Country,Date
0,bluff,-46.6,168.33,39.0,83,96,3.0,NZ,1595467851
1,punta arenas,-53.15,-70.92,26.6,92,57,4.7,CL,1595467742
2,marsaxlokk,35.84,14.54,77.0,64,0,6.93,MT,1595467853
3,khatanga,71.97,102.5,45.64,82,100,17.56,RU,1595467853
4,chifeng,42.27,118.96,81.23,40,0,6.02,CN,1595467854
5,shelburne,44.08,-80.2,73.0,94,75,4.7,CA,1595467824
6,cherskiy,68.75,161.3,82.42,24,98,14.34,RU,1595467857
7,busselton,-33.65,115.33,60.01,49,77,16.91,AU,1595467838
8,victoria,22.29,114.16,91.0,70,40,4.7,HK,1595467651
9,emerald,-23.53,148.17,60.8,87,90,14.99,AU,1595467814
10,port blair,11.67,92.75,84.02,69,89,3.69,IN,1595467860
11,yar-sale,66.83,70.83,50.36,70,0,9.15,RU,1595467637
12,huicheng,23.04,116.29,87.8,74,20,4.47,CN,1595467863
13,praia,14.92,-23.51,80.6,78,20,3.36,CV,1595467866
14,aksarka,66.56,67.8,54.0,64,0,4.63,RU,1595467867
15,albany,42.6,-73.97,72.0,91,100,3.65,US,1595467802
16,nampula,-15.12,39.27,56.5,98,2,5.41,MZ,1595467871
17,rikitea,-23.12,-134.97,66.63,68,100,16.46,PF,1595467871
18,tambo,-14.8,-73.92,35.73,77,31,0.49,PE,1595467873
19,mataura,-46.19,168.86,39.0,83,100,3.0,NZ,1595467874
20,port alfred,-33.59,26.89,64.49,44,0,9.73,ZA,1595467579
21,ushuaia,-54.8,-68.3,39.2,51,100,13.87,AR,1595467786
22,beroroha,-21.67,45.17,57.81,70,0,5.59,MG,1595467877
23,port hedland,-20.32,118.57,75.2,25,0,17.22,AU,1595467878
24,carutapera,-1.2,-46.02,75.36,85,83,5.86,BR,1595467592
25,petropavlovsk-kamchatskiy,53.05,158.65,68.0,49,40,4.47,RU,1595467846
26,saint george,37.1,-113.58,100.4,12,1,10.29,US,1595467804
27,uige,-7.61,15.06,58.93,79,69,2.42,AO,1595467881
28,lagoa,39.05,-27.98,69.69,69,0,3.33,PT,1595467882
29,kapaa,22.08,-159.32,82.4,78,40,4.7,US,1595467883
30,avarua,-21.21,-159.78,77.0,88,9,12.75,CK,1595467605
31,bengkulu,-3.8,102.27,81.79,69,46,3.2,ID,1595467885
32,hilo,19.73,-155.09,84.2,58,40,9.17,US,1595467885
33,key largo,25.09,-80.45,78.01,88,90,9.17,US,1595467626
34,liverpool,53.41,-2.98,60.8,82,100,8.05,GB,1595467767
35,cape town,-33.93,18.42,54.0,93,0,5.82,ZA,1595467890
36,norman wells,65.28,-126.83,53.6,81,75,17.22,CA,1595467892
37,airai,-8.93,125.41,69.28,40,42,5.39,TL,1595467894
38,hithadhoo,-0.6,73.08,83.55,71,97,8.46,MV,1595467894
39,abidjan,5.31,-4.02,77.0,88,75,6.93,CI,1595467897
40,west bay,19.37,-81.42,87.8,70,20,6.93,KY,1595467898
41,barrow,71.29,-156.79,42.8,81,90,9.17,US,1595467899
42,carnarvon,-24.87,113.63,64.4,100,0,11.41,AU,1595467900
43,san policarpo,12.18,125.51,86.34,67,95,7.29,PH,1595467902
44,pakxan,18.38,103.66,83.39,73,15,2.08,LA,1595467902
45,talakan,50.32,130.37,83.03,52,67,0.43,RU,1595467903
46,sambava,-14.27,50.17,67.12,75,99,17.09,MG,1595467903
47,santiago de cao,-7.96,-79.24,60.06,89,2,11.9,PE,1595467904
48,torbay,47.67,-52.73,66.0,67,75,17.22,CA,1595467904
49,bambous virieux,-20.34,57.76,69.8,52,75,17.22,MU,1595467905
50,pevek,69.7,170.31,55.98,53,89,9.75,RU,1595467811
51,hobart,-42.88,147.33,53.01,62,20,12.75,AU,1595467717
52,arraial do cabo,-22.97,-42.03,71.2,87,0,6.93,BR,1595467905
53,vaini,-21.2,-175.2,71.6,83,75,14.99,TO,1595467905
54,chokwe,-24.53,32.98,55.89,80,0,2.93,MZ,1595467905
55,paka,4.64,103.44,80.6,88,20,3.36,MY,1595467906
56,banff,51.18,-115.57,66.99,80,25,5.01,CA,1595467906
57,lebu,-37.62,-73.65,46.6,82,56,4.52,CL,1595467906
58,tasiilaq,65.61,-37.64,37.4,93,5,3.27,GL,1595467906
59,pangnirtung,66.15,-65.71,52.57,70,100,5.08,CA,1595467906
60,mnogovershinnyy,53.94,139.92,55.13,89,100,4.59,RU,1595467906
61,nikolskoye,59.7,30.79,55.4,76,20,8.95,RU,1595467906
62,lorengau,-2.02,147.27,84.16,75,49,9.86,PG,1595467906
63,college,64.86,-147.8,64.4,52,75,4.32,US,1595467906
64,kencong,-8.28,113.37,80.33,69,39,2.24,ID,1595467906
65,xinxiang,35.31,113.87,84.31,47,88,7.78,CN,1595467906
66,mahebourg,-20.41,57.7,69.8,52,75,17.22,MU,1595467907
67,pljevlja,43.33,19.33,64.4,82,0,1.12,ME,1595467907
68,castro,-24.79,-50.01,57.7,82,100,2.73,BR,1595467907
69,upernavik,72.79,-56.15,45.63,76,0,13.4,GL,1595467907
70,esperance,-33.87,121.9,59.0,82,90,20.8,AU,1595467689
71,butaritari,3.07,172.79,83.48,76,93,15.17,KI,1595467907
72,shaowu,27.34,117.48,92.86,52,100,2.19,CN,1595467907
73,taksimo,56.34,114.88,60.42,84,100,2.19,RU,1595467907
74,the pas,53.83,-101.25,77.0,65,75,11.41,CA,1595467907
75,suoyarvi,62.08,32.35,52.97,96,100,11.52,RU,1595467907
76,gwadar,25.12,62.33,84.38,77,89,8.81,PK,1595467907
77,san vicente,-26.62,-54.13,63.77,86,96,4.0,AR,1595467907
78,mandalgovi,45.76,106.27,82.89,29,100,17.47,MN,1595467908
79,kavieng,-2.57,150.8,85.51,71,21,13.4,PG,1595467908
80,ikast,56.14,9.16,48.2,93,10,5.82,DK,1595467908
81,kapit,2.02,112.93,81.3,83,95,0.87,MY,1595467908
82,east london,-33.02,27.91,63.84,30,0,8.39,ZA,1595467908
83,cabedelo,-6.98,-34.83,73.4,83,24,6.93,BR,1595467908
84,forestville,38.85,-76.88,73.99,100,1,3.36,US,1595467909
85,bilibino,68.05,166.44,78.57,31,100,14.16,RU,1595467909
86,bandarbeyla,9.49,50.81,78.08,67,7,25.26,SO,1595467909
87,lavrentiya,65.58,-171.0,54.01,56,30,8.95,RU,1595467697
88,mogadishu,2.04,45.34,76.46,77,58,19.24,SO,1595467909
89,thompson,55.74,-97.86,77.0,57,40,2.24,CA,1595467635
90,santiago,-33.46,-70.65,46.4,75,0,5.82,CL,1595467725
91,samana,19.21,-69.34,79.27,83,82,8.23,DO,1595467909
92,georgetown,5.41,100.34,80.6,83,20,3.36,MY,1595467910
93,bredasdorp,-34.53,20.04,57.2,93,0,2.24,ZA,1595467910
94,kroya,-7.63,109.25,79.81,74,88,9.62,ID,1595467910
95,havoysund,71.0,24.66,46.4,93,75,18.34,NO,1595467910
96,panaba,21.28,-88.27,77.65,88,8,6.98,MX,1595467910
97,srednekolymsk,67.45,153.68,86.43,27,83,7.2,RU,1595467910
98,narsaq,60.92,-46.05,64.4,57,100,28.86,GL,1595467701
99,faanui,-16.48,-151.75,77.25,77,0,17.54,PF,1595467910
100,kropotkin,45.44,40.58,63.75,81,0,6.17,RU,1595467910
101,catamarca,-28.47,-65.79,52.0,74,46,8.08,AR,1595467910
102,hermanus,-34.42,19.23,53.01,96,0,1.99,ZA,1595467911
103,ust-nera,64.57,143.2,81.73,28,100,3.6,RU,1595467911
104,tiksi,71.69,128.87,58.39,75,41,5.35,RU,1595467911
105,vysokogornyy,50.12,139.15,65.53,76,100,4.07,RU,1595467911
106,mizdah,31.45,12.98,64.44,82,0,3.42,LY,1595467911
107,new norfolk,-42.78,147.06,53.01,77,100,3.0,AU,1595467776
108,aljezur,37.32,-8.8,71.01,75,0,6.8,PT,1595467911
109,katsuura,35.13,140.3,79.0,86,100,1.63,JP,1595467702
110,nichinan,31.6,131.37,87.8,62,75,12.75,JP,1595467911
111,ribeira grande,38.52,-28.7,70.29,69,17,2.93,PT,1595467912
112,piacabucu,-10.41,-36.43,74.52,81,0,10.78,BR,1595467912
113,kiunga,-6.12,141.29,81.84,75,87,3.2,PG,1595467912
114,chuy,-33.7,-53.46,63.95,94,100,6.78,UY,1595467912
115,quime,-16.98,-67.22,47.01,67,15,3.0,BO,1595467912
116,vallenar,-28.57,-70.76,50.88,64,0,1.59,CL,1595467874
117,utica,43.1,-75.23,71.6,94,75,3.36,US,1595467634
118,severo-kurilsk,50.68,156.12,52.02,86,100,3.56,RU,1595467912
119,yellowknife,62.46,-114.35,64.99,93,75,6.93,CA,1595467858
120,hamilton,39.18,-84.53,80.01,88,1,3.36,US,1595467721
121,goshogawara,40.8,140.44,75.2,73,75,9.17,JP,1595467913
122,san pedro,14.35,121.02,91.0,62,0,6.93,PH,1595467913
123,lamar,33.67,-95.58,82.99,78,20,11.41,US,1595467913
124,meulaboh,4.14,96.13,78.58,85,100,4.59,ID,1595467913
125,kisesa,-3.08,34.15,61.12,71,0,4.25,TZ,1595467913
126,ponta delgada,37.73,-25.67,64.4,77,20,4.7,PT,1595467913
127,manta,-0.95,-80.73,73.4,83,75,9.17,EC,1595467913
128,huilong,31.81,121.66,90.0,73,100,4.0,CN,1595467913
129,kavaratti,10.57,72.64,82.76,74,100,6.73,IN,1595467913
130,taoudenni,22.68,-3.98,101.34,20,38,8.79,ML,1595467913
131,kaitangata,-46.28,169.85,44.01,65,95,13.0,NZ,1595467913
132,kasempa,-13.46,25.83,47.93,74,0,5.37,ZM,1595467914
133,ponta do sol,32.67,-17.1,69.8,68,20,11.41,PT,1595467914
134,mollendo,-17.02,-72.01,59.32,79,69,7.23,PE,1595467914
135,novovasylivka,46.83,35.75,61.54,68,64,6.55,UA,1595467744
136,hirado,33.36,129.55,82.4,83,75,9.17,JP,1595467914
137,flinders,-34.58,150.86,62.01,70,1,4.0,AU,1595467914
138,san matias,-16.37,-58.4,72.95,33,0,4.56,BO,1595467914
139,qaanaaq,77.48,-69.36,44.92,58,0,0.74,GL,1595467914
140,padang,-0.95,100.35,75.2,94,75,10.29,ID,1595467914
141,dauphin,51.15,-100.05,75.2,64,20,8.05,CA,1595467914
142,tambura,5.6,27.47,67.21,95,100,3.87,SS,1595467914
143,jabinyanah,35.03,10.91,73.4,64,0,4.7,TN,1595467915
144,tubuala,9.52,-79.03,80.6,83,40,5.82,PA,1595467915
145,alnashi,56.19,52.48,60.69,93,100,6.8,RU,1595467915
146,atuona,-9.8,-139.03,79.05,75,1,17.9,PF,1595467915
147,skjervoy,70.03,20.97,47.86,91,100,18.3,NO,1595467915
148,coolum beach,-26.53,153.1,60.01,90,100,3.0,AU,1595467915
149,zapolyarnyy,69.42,30.81,51.8,87,84,8.05,RU,1595467915
150,souillac,-20.52,57.52,69.8,52,75,17.22,MU,1595467915
151,miri,4.41,114.01,80.6,88,40,5.82,MY,1595467916
152,krasnokamensk,50.1,118.04,81.25,49,100,12.12,RU,1595467916
153,inirida,3.87,-67.92,73.96,87,100,1.63,CO,1595467916
154,saint-augustin,51.23,-58.65,61.12,61,48,8.12,CA,1595467916
155,jamestown,42.1,-79.24,72.0,94,90,5.82,US,1595467916
156,lata,40.16,-8.33,69.01,96,0,1.05,PT,1595467916
157,dikson,73.51,80.55,39.94,91,99,9.01,RU,1595467916
158,waiuku,-37.25,174.75,61.0,67,58,24.16,NZ,1595467916
159,kandrian,-6.22,149.55,81.36,83,92,11.81,PG,1595467916
160,turukhansk,65.82,87.98,62.85,49,100,9.62,RU,1595467916
161,mackay,-21.15,149.2,64.99,87,99,17.22,AU,1595467917
162,belaya gora,68.53,146.42,91.8,24,1,6.04,RU,1595467917
163,clyde river,70.47,-68.59,46.4,81,90,2.24,CA,1595467917
164,moron,-34.65,-58.62,59.0,99,100,1.01,AR,1595467724
165,xichang,27.9,102.26,73.38,75,100,5.06,CN,1595467917
166,longyearbyen,78.22,15.64,46.24,75,96,3.29,SJ,1595467808
167,talnakh,69.49,88.4,50.0,81,11,26.84,RU,1595467917
168,acapulco,16.86,-99.89,84.2,74,75,4.7,MX,1595467917
169,khandyga,62.67,135.6,80.02,36,0,0.83,RU,1595467917
170,salalah,17.02,54.09,78.8,94,90,11.41,OM,1595467917
171,sainte-maxime,43.3,6.63,77.0,57,3,6.93,FR,1595467917
172,burnie,-41.07,145.92,55.99,54,36,5.01,AU,1595467917
173,bataipora,-22.3,-53.27,68.2,51,41,6.51,BR,1595467917
174,rantauprapat,2.1,99.83,80.28,80,96,1.05,ID,1595467917
175,jiaohe,43.73,127.34,82.58,45,1,5.1,CN,1595467918
176,bad soden-salmunster,50.28,9.37,59.0,59,21,3.0,DE,1595467918
177,fairbanks,64.84,-147.72,64.4,59,20,4.63,US,1595467802
178,parana,-31.73,-60.52,57.99,83,100,4.97,AR,1595467918
179,corrales,35.24,-106.61,79.0,47,90,4.7,US,1595467918
180,bethel,41.37,-73.41,75.2,88,40,5.82,US,1595467918
181,banda aceh,5.56,95.32,81.7,72,100,7.0,ID,1595467904
182,batagay,67.63,134.63,81.45,31,87,8.41,RU,1595467918
183,port moresby,-9.44,147.18,80.6,78,75,3.36,PG,1595467918
184,namibe,-15.2,12.15,65.03,70,0,3.53,AO,1595467918
185,cockburn town,21.46,-71.14,83.57,78,17,21.85,TC,1595467918
186,vila velha,-20.33,-40.29,75.0,78,0,8.05,BR,1595467919
187,natal,-5.79,-35.21,75.2,78,75,9.17,BR,1595467919
188,poya,-21.35,165.15,72.95,58,88,6.96,NC,1595467919
189,nara,34.69,135.8,82.99,78,75,12.75,JP,1595467638
190,boende,-0.22,20.87,72.63,79,100,2.21,CD,1595467919
191,sorong,-0.88,131.25,84.11,71,2,8.28,ID,1595467919
192,te anau,-45.42,167.72,41.22,73,42,7.43,NZ,1595467919
193,kahului,20.89,-156.47,91.4,46,40,20.8,US,1595467919
194,nanortalik,60.14,-45.24,50.13,72,100,6.2,GL,1595467920
195,xiangxiang,27.73,112.53,89.37,61,39,10.51,CN,1595467920
196,morehead,37.27,-87.18,80.6,94,1,5.77,US,1595467920
197,gueret,46.17,1.87,68.0,49,0,6.93,FR,1595467920
198,jacksonville,30.33,-81.66,80.6,83,75,6.93,US,1595467783
199,alta floresta,-9.88,-56.09,73.6,46,37,3.71,BR,1595467920
200,nouadhibou,20.93,-17.03,71.6,83,85,13.87,MR,1595467920
201,svetlogorsk,52.63,29.73,48.42,94,0,7.2,BY,1595467920
202,morondava,-20.28,44.28,68.11,59,0,13.69,MG,1595467921
203,coronado,32.69,-117.18,73.99,64,75,6.93,US,1595467921
204,porteirinha,-15.74,-43.03,62.19,57,0,7.31,BR,1595467921
205,kurilsk,45.23,147.88,57.04,94,100,7.87,RU,1595467921
206,chicama,-7.84,-79.15,61.07,83,6,5.66,PE,1595467921
207,aldan,58.6,125.39,71.62,42,10,6.64,RU,1595467921
208,awjilah,29.11,21.29,72.55,49,0,9.62,LY,1595467921
209,riacho de santana,-13.61,-42.94,68.7,48,0,13.09,BR,1595467921
210,sitka,57.05,-135.33,57.2,87,90,8.05,US,1595467813
211,bhadasar,28.28,74.32,86.7,59,5,4.72,IN,1595467921
212,mayo,38.89,-76.51,75.2,94,1,4.56,US,1595467921
213,marrakesh,31.63,-8.01,84.2,42,0,4.7,MA,1595467921
214,poum,-20.23,164.02,72.36,68,82,17.85,NC,1595467921
215,corbelia,-24.8,-53.31,61.75,85,100,4.72,BR,1595467922
216,hasaki,35.73,140.83,75.2,94,75,8.05,JP,1595467636
217,sistranda,63.73,8.83,50.0,93,40,11.41,NO,1595467922
218,oranjemund,-28.55,16.43,59.36,56,0,0.92,NA,1595467922
219,gerash,27.67,54.14,82.4,65,0,11.41,IR,1595467922
220,coquimbo,-29.95,-71.34,51.8,87,20,4.7,CL,1595467690
221,klaksvik,62.23,-6.59,46.4,93,100,5.37,FO,1595467922
222,nabire,-3.37,135.48,83.39,74,2,3.58,ID,1595467922
223,ishigaki,24.34,124.16,87.8,84,75,9.17,JP,1595467922
224,krasnoselkup,65.7,82.47,57.22,73,100,18.77,RU,1595467922
225,semey,50.41,80.23,62.6,72,0,4.47,KZ,1595467922
226,gympie,-26.19,152.66,61.72,86,100,5.03,AU,1595467848
227,rosario,-32.95,-60.64,57.99,76,90,8.05,AR,1595467922
228,aripuana,-9.17,-60.63,75.63,51,18,1.21,BR,1595467922
229,cururupu,-1.83,-44.87,73.33,91,0,2.93,BR,1595467923
230,murphy,33.02,-96.61,89.01,62,1,5.82,US,1595467923
231,leningradskiy,69.38,178.42,63.64,39,100,7.05,RU,1595467923
232,ibra,22.69,58.53,79.9,71,100,6.93,OM,1595467923
233,grindavik,63.84,-22.43,48.2,81,75,5.82,IS,1595467923
234,port elizabeth,-33.92,25.57,55.4,100,20,12.75,ZA,1595467923
235,turtas,58.94,69.13,56.59,66,0,7.43,RU,1595467923
236,vao,-22.67,167.48,67.8,75,64,18.81,NC,1595467809
237,iqaluit,63.75,-68.51,50.0,87,90,8.05,CA,1595467923
238,huaidian,33.43,115.03,77.2,75,100,5.26,CN,1595467923
239,vila do maio,15.13,-23.22,80.6,78,20,3.36,CV,1595467807
240,flin flon,54.77,-101.86,74.23,54,100,8.34,CA,1595467824
241,pilar,-9.6,-35.96,71.6,94,75,4.7,BR,1595467923
242,pisco,-13.7,-76.22,64.0,77,0,10.29,PE,1595467923
243,rochester,43.15,-77.62,79.0,73,75,9.17,US,1595467452
244,gornopravdinsk,60.05,69.9,55.92,63,0,4.61,RU,1595467924
245,nicoya,10.15,-85.45,82.4,83,75,6.93,CR,1595467924
246,mayor pablo lagerenza,-19.93,-60.77,77.11,35,0,8.23,PY,1595467924
247,alice springs,-23.7,133.88,55.4,47,0,9.17,AU,1595467845
248,gravelbourg,49.88,-106.55,85.03,37,17,3.6,CA,1595467924
249,marginea,47.82,25.82,61.0,10,83,0.54,RO,1595467924
250,san patricio,19.22,-104.7,82.4,69,75,17.22,MX,1595467924
251,itoman,26.12,127.67,87.8,74,75,8.05,JP,1595467924
252,saluzzo,44.65,7.49,66.99,100,0,3.36,IT,1595467924
253,kodiak,57.79,-152.41,66.2,48,1,16.11,US,1595467924
254,tuatapere,-46.13,167.68,39.0,83,86,3.0,NZ,1595467924
255,umm lajj,25.02,37.27,83.77,76,3,6.02,SA,1595467924
256,mar del plata,-38.0,-57.56,52.0,100,90,18.34,AR,1595467924
257,tuktoyaktuk,69.45,-133.04,44.6,75,75,10.29,CA,1595467924
258,huron,41.15,-82.55,77.0,86,90,3.0,US,1595467925
259,lastoursville,-0.81,12.73,71.17,92,99,2.15,GA,1595467925
260,yerbogachen,61.28,108.01,67.37,58,0,3.96,RU,1595467925
261,butka,56.72,63.79,63.9,73,100,8.63,RU,1595467925
262,placido de castro,-10.34,-67.19,74.37,52,14,0.43,BR,1595467925
263,saskylakh,71.92,114.08,49.82,90,100,11.97,RU,1595467925
264,kizukuri,40.81,140.39,75.2,73,75,9.17,JP,1595467855
265,sept-iles,50.2,-66.38,66.0,77,75,4.7,CA,1595467759
266,port hueneme,34.15,-119.2,64.99,82,90,13.87,US,1595467767
267,nishihara,26.18,127.76,87.8,66,75,8.05,JP,1595467925
268,yenagoa,4.92,6.26,73.8,94,82,4.07,NG,1595467925
269,san quintin,30.48,-115.95,66.34,80,27,14.54,MX,1595467925
270,great yarmouth,52.61,1.73,57.99,95,4,10.31,GB,1595467873
271,miyako,39.64,141.95,73.45,82,89,4.45,JP,1595467925
272,roebourne,-20.78,117.13,73.81,32,0,14.03,AU,1595467840
273,puerto ayora,-0.74,-90.35,68.0,94,98,4.0,EC,1595467925
274,gorin,51.2,136.67,59.25,91,100,6.31,RU,1595467925
275,poykovskiy,61.23,73.33,57.2,71,0,6.71,RU,1595467926
276,vanimo,-2.67,141.3,86.0,62,0,6.13,PG,1595467747
277,limbang,4.75,115.0,78.8,94,75,4.7,MY,1595467926
278,buritizeiro,-17.35,-44.96,62.56,52,0,1.61,BR,1595467926
279,engenheiro beltrao,-23.8,-52.27,70.0,63,16,4.0,BR,1595467926
280,saldanha,-33.01,17.94,50.0,87,0,3.36,ZA,1595467926
281,sur,22.57,59.53,84.52,70,58,14.54,OM,1595467926
282,sao filipe,14.9,-24.5,79.21,80,56,4.34,CV,1595467926
283,araouane,18.9,-3.53,95.67,29,0,7.94,ML,1595467926
284,galesong,-5.32,119.37,84.2,54,20,4.7,ID,1595467926
285,oistins,13.07,-59.53,82.4,69,40,17.22,BB,1595467794
286,dawlatabad,36.41,64.91,85.03,14,0,4.32,AF,1595467926
287,high level,58.52,-117.14,69.8,56,40,10.29,CA,1595467926
288,vostok,46.49,135.88,75.0,71,99,2.44,RU,1595467926
289,campina grande do sul,-25.31,-49.06,62.6,72,100,2.24,BR,1595467926
290,saint-philippe,-21.36,55.77,66.2,59,90,5.82,RE,1595467926
291,shahrud,36.42,54.98,71.2,54,0,7.14,IR,1595467926
292,portland,45.52,-122.68,82.0,42,1,10.29,US,1595467832
293,sokolo,14.73,-6.12,81.46,68,20,12.73,ML,1595467927
294,maracaibo,10.63,-71.64,82.13,76,84,9.73,VE,1595467695
295,leshukonskoye,64.9,45.76,65.01,78,25,9.93,RU,1595467927
296,iquique,-20.22,-70.14,60.8,72,90,10.29,CL,1595467927
297,grand gaube,-20.01,57.66,66.99,69,52,1.99,MU,1595467927
298,maceio,-9.67,-35.74,71.6,94,75,4.7,BR,1595467927
299,rancho palos verdes,33.74,-118.39,69.01,72,20,16.11,US,1595467844
300,russellville,35.28,-93.13,80.6,78,1,2.75,US,1595467927
301,turan,16.07,108.22,87.8,66,39,1.12,VN,1595467755
302,chapais,49.78,-74.85,59.0,93,90,5.82,CA,1595467927
303,karachi,24.91,67.08,86.0,70,40,9.17,PK,1595467877
304,kovur,14.48,79.98,83.64,73,100,7.49,IN,1595467927
305,half moon bay,37.46,-122.43,71.01,87,90,6.93,US,1595467813
306,marsa matruh,31.35,27.25,73.4,83,20,5.82,EG,1595467927
307,abeche,13.83,20.83,76.33,68,100,1.74,TD,1595467927
308,novonukutskiy,53.7,102.71,60.19,83,100,6.08,RU,1595467928
309,shinpokh,34.33,71.18,80.6,69,20,4.7,PK,1595467928
310,chokurdakh,70.63,147.92,90.36,28,40,10.4,RU,1595467928
311,tilichiki,60.47,166.1,56.59,70,3,7.05,RU,1595467928
312,luderitz,-26.65,15.16,60.8,41,0,2.24,NA,1595467928
313,korla,41.76,86.15,73.0,94,100,8.84,CN,1595467928
314,obihiro,42.92,143.2,66.2,100,75,2.24,JP,1595467928
315,lerwick,60.15,-1.15,51.8,93,100,13.62,GB,1595467928
316,atambua,-9.11,124.89,80.76,41,18,4.83,ID,1595467928
317,komsomolskiy,40.43,71.72,71.6,53,37,4.7,UZ,1595467928
318,kargopol,61.51,38.95,54.81,96,100,7.31,RU,1595467928
319,nome,64.5,-165.41,59.0,76,1,18.34,US,1595467848
320,evensk,61.95,159.23,61.83,57,2,8.99,RU,1595467928
321,saint-michel-des-saints,46.68,-73.92,66.99,7,100,3.85,CA,1595467928
322,fort nelson,58.81,-122.7,62.6,67,75,8.05,CA,1595467699
323,jiayuguan,39.82,98.3,68.81,47,100,6.26,CN,1595467929
324,la romana,18.43,-68.97,75.2,94,40,4.7,DO,1595467632
325,humberto de campos,-2.6,-43.46,74.32,82,4,5.93,BR,1595467929
326,codrington,-38.27,141.97,51.06,74,100,4.18,AU,1595467929
327,twentynine palms,34.14,-116.05,98.6,10,1,13.87,US,1595467929
328,kachiry,53.07,76.1,67.96,58,0,1.21,KZ,1595467929
329,labytnangi,66.66,66.42,54.05,64,0,0.69,RU,1595467929
330,megion,61.03,76.11,57.2,71,20,11.18,RU,1595467755
331,gayny,60.31,54.32,60.87,78,100,6.98,RU,1595467929
332,trebnje,45.9,15.02,64.0,97,99,1.41,SI,1595467929
333,nuristan,35.3,70.83,46.09,56,0,8.01,AF,1595467929
334,yala,6.33,101.25,80.6,83,20,2.24,TH,1595467929
335,barsovo,61.17,73.17,57.2,71,0,6.71,RU,1595467929
336,guerrero negro,27.98,-114.06,68.11,81,0,19.39,MX,1595467929
337,hacari,8.32,-73.15,67.03,91,100,1.81,CO,1595467929
338,kholodnyy,62.72,147.95,70.63,43,97,5.64,RU,1595467930
339,peruibe,-24.32,-47.0,66.51,74,100,3.4,BR,1595467930
340,kumla,59.13,15.14,50.0,76,13,11.41,SE,1595467930
341,faya,18.39,42.45,71.6,37,0,4.36,SA,1595467930
342,puerto ayacucho,5.66,-67.62,76.62,86,100,2.28,VE,1595467930
343,hangu,39.25,117.79,84.2,51,0,8.95,CN,1595467930
344,nemuro,43.32,145.57,62.6,93,75,6.93,JP,1595467930
345,hambantota,6.12,81.12,77.0,100,40,2.24,LK,1595467930
346,trinidad,-14.83,-64.9,75.74,60,1,2.39,BO,1595467930
347,gwanda,-20.93,29.0,46.85,75,0,5.46,ZW,1595467930
348,gorontalo,0.54,123.06,83.14,76,73,6.38,ID,1595467930
349,beringovskiy,63.05,179.32,50.9,75,0,12.86,RU,1595467930
350,bangkalan,-7.05,112.74,82.08,68,65,3.36,ID,1595467930
351,edd,13.93,41.69,88.9,60,41,4.61,ER,1595467931
352,griffith,41.53,-87.42,82.4,65,40,5.82,US,1595467931
353,provideniya,64.38,-173.3,50.0,81,0,15.66,RU,1595467931
354,ode,7.79,5.71,68.54,98,100,7.29,NG,1595467931
355,jishou,28.32,109.72,85.12,69,83,5.57,CN,1595467931
356,luoyang,34.68,112.45,80.26,64,95,1.68,CN,1595467779
357,bayanday,53.07,105.51,64.17,82,100,6.33,RU,1595467931
358,cayenne,4.93,-52.33,75.2,100,100,6.78,GF,1595467856
359,juneau,58.3,-134.42,60.8,77,90,1.05,US,1595467931
360,manali,13.17,80.27,82.4,78,75,9.17,IN,1595467931
361,urdoma,61.75,48.54,60.6,95,34,7.05,RU,1595467931
362,ibipeba,-11.64,-42.01,61.43,87,31,7.45,BR,1595467931
363,aykhal,66.0,111.5,53.6,87,90,8.95,RU,1595467931
364,bonavista,48.65,-53.11,61.39,71,78,6.55,CA,1595467931
365,geraldton,-28.77,114.6,66.2,72,40,12.75,AU,1595467819
366,abalak,58.13,68.59,57.52,65,0,7.58,RU,1595467932
367,praia da vitoria,38.73,-27.07,68.0,82,11,3.2,PT,1595467751
368,isangel,-19.55,169.27,80.6,57,75,2.24,VU,1595467932
369,anadyr,64.75,177.48,57.2,58,27,11.18,RU,1595467752
370,humaita,-7.51,-63.02,77.94,60,54,0.16,BR,1595467925
371,sosnovskoye,55.81,43.17,60.8,100,90,4.47,RU,1595467932
372,jizan,17.33,42.67,89.6,66,0,3.36,SA,1595467932
373,arlit,18.74,7.39,91.67,35,0,16.11,NE,1595467932
374,broken hill,-31.95,141.43,50.0,66,0,8.05,AU,1595467932
375,sao joao da barra,-21.64,-41.05,71.06,88,0,10.4,BR,1595467932
376,cidreira,-30.18,-50.21,64.87,76,99,11.18,BR,1595467932
377,male,4.17,73.51,80.6,83,75,24.16,MV,1595467932
378,thunder bay,48.4,-89.32,68.0,64,40,4.7,CA,1595467933
379,pochutla,15.74,-96.47,77.02,86,100,1.95,MX,1595467933
380,crotone,39.09,17.12,76.71,53,0,3.18,IT,1595467933
381,santa fe,-31.63,-60.7,57.99,77,100,3.0,AR,1595467752
382,kushmurun,52.45,64.63,68.88,71,91,16.93,KZ,1595467933
383,ozernovskiy,51.5,156.52,51.28,91,49,6.82,RU,1595467933
384,ngunguru,-35.62,174.5,62.01,3,95,8.99,NZ,1595467933
385,coos bay,43.37,-124.22,69.01,82,90,16.11,US,1595467933
386,san luis,-33.3,-66.34,42.1,86,100,17.78,AR,1595467693
387,touros,-5.2,-35.46,75.2,78,75,9.17,BR,1595467933
388,upington,-28.45,21.26,44.6,28,0,3.36,ZA,1595467825
389,nouakchott,18.09,-15.98,82.4,83,40,18.34,MR,1595467933
390,port-gentil,-0.72,8.78,75.96,80,49,11.32,GA,1595467933
391,aracati,-4.56,-37.77,77.85,76,0,11.03,BR,1595467933
392,waingapu,-9.66,120.26,81.54,56,11,18.07,ID,1595467933
393,ushtobe,45.25,77.98,78.84,37,0,6.49,KZ,1595467933
394,aklavik,68.22,-135.01,53.6,54,40,3.36,CA,1595467934
395,nago,26.59,127.98,87.8,74,75,8.05,JP,1595467934
396,olga,43.74,135.29,67.46,77,100,4.23,RU,1595467934
397,kutum,14.2,24.67,70.27,78,97,15.95,SD,1595467934
398,havelock,34.88,-76.9,84.99,66,20,8.05,US,1595467752
399,vila franca do campo,37.72,-25.43,64.4,77,20,4.7,PT,1595467934
400,llanes,43.42,-4.75,66.99,98,0,5.44,ES,1595467934
401,maridi,4.92,29.47,66.04,96,100,4.09,SS,1595467934
402,garissa,-0.45,39.64,71.71,73,60,16.35,KE,1595467934
403,ende,-8.84,121.66,81.46,61,55,6.55,ID,1595467898
404,bardiyah,31.76,25.09,73.24,76,0,12.91,LY,1595467934
405,mongo,12.18,18.69,77.76,72,100,8.12,TD,1595467934
406,ulladulla,-35.35,150.47,59.0,58,40,9.17,AU,1595467934
407,gurupa,-1.41,-51.64,75.29,87,100,2.98,BR,1595467934
408,balabac,7.99,117.06,86.0,71,100,10.51,PH,1595467934
409,mackenzie,55.3,-123.17,69.8,49,40,4.7,CA,1595467829
410,shache,38.42,77.24,75.13,35,0,5.75,CN,1595467934
411,tarko-sale,64.92,77.78,57.99,74,97,1.01,RU,1595467935
412,avera,33.19,-82.53,84.2,66,1,3.36,US,1595467935
413,kieta,-6.22,155.63,83.03,72,100,4.68,PG,1595467935
414,ancud,-41.87,-73.82,41.0,93,100,4.7,CL,1595467935
415,valdosta,30.83,-83.28,82.4,69,1,5.1,US,1595467379
416,coihaique,-45.58,-72.07,32.0,94,75,3.36,CL,1595467935
417,san juan,-31.54,-68.54,44.49,70,100,19.19,AR,1595467935
418,petropavl,54.88,69.16,60.8,82,29,6.71,KZ,1595467935
419,grand-santi,4.25,-54.38,73.31,95,100,1.92,GF,1595467935
420,nerchinskiy zavod,51.31,119.61,79.83,55,100,8.93,RU,1595467935
421,yinchuan,38.47,106.27,77.68,53,99,3.71,CN,1595467935
422,tromso,69.65,18.96,48.2,93,75,28.86,NO,1595467935
423,barentu,15.11,37.59,71.38,82,97,7.29,ER,1595467935
424,galle,6.04,80.22,81.28,85,79,7.63,LK,1595467935
425,santa vitoria do palmar,-33.52,-53.37,64.06,93,100,6.62,BR,1595467935
426,kabo,7.7,18.63,69.82,96,95,2.37,CF,1595467935
427,moose factory,51.26,-80.61,55.4,87,1,3.36,CA,1595467936
428,egvekinot,66.32,-179.17,62.29,50,96,5.23,RU,1595467936
429,salta,-24.79,-65.41,50.0,87,90,5.82,AR,1595467936
430,patur,20.45,76.93,80.67,80,96,7.61,IN,1595467936
431,tacoronte,28.48,-16.41,70.0,100,75,14.99,ES,1595467937
432,lago da pedra,-4.33,-45.17,72.28,65,26,0.85,BR,1595467937
433,rojhan,28.69,69.95,92.75,49,0,12.41,PK,1595467937
434,celestun,20.87,-90.4,81.09,80,69,5.84,MX,1595467937
435,makakilo city,21.35,-158.09,82.4,65,90,6.93,US,1595467649
436,kui buri,12.08,99.85,86.0,70,20,2.24,TH,1595467937
437,assiniboia,49.63,-105.98,83.95,42,0,5.53,CA,1595467937
438,banjarmasin,-3.32,114.59,82.4,78,20,2.24,ID,1595467784
439,soe,-9.86,124.28,73.45,54,10,10.13,ID,1595467937
440,sibolga,1.74,98.78,76.78,87,100,3.69,ID,1595467937
441,meadow lake,34.8,-106.54,78.8,39,90,5.82,US,1595467937
442,catuday,16.29,119.81,85.57,71,0,7.74,PH,1595467937
443,paramonga,-10.67,-77.83,60.17,89,7,6.17,PE,1595467938
444,muisne,0.6,-80.03,73.36,87,100,9.46,EC,1595467938
445,san cristobal,7.77,-72.22,65.34,90,87,2.59,VE,1595467938
446,maiduguri,11.85,13.16,80.89,67,98,7.07,NG,1595467938
447,dalvik,65.97,-18.53,48.2,81,90,8.05,IS,1595467938
448,xuddur,4.12,43.89,70.12,72,67,21.79,SO,1595467938
449,atbasar,51.8,68.33,63.36,68,99,13.18,KZ,1595467938
450,porto tolle,44.95,12.32,72.0,96,100,8.08,IT,1595467938
451,lompoc,34.64,-120.46,64.99,72,4,13.87,US,1595467753
452,alofi,-19.06,-169.92,75.2,88,75,16.11,NU,1595467756
453,yumen,40.28,97.2,78.19,30,92,7.38,CN,1595467938
454,yuzhnouralsk,54.44,61.25,62.26,76,100,14.88,RU,1595467938
455,puri,19.8,85.85,77.0,94,90,9.17,IN,1595467938
456,burkburnett,34.1,-98.57,91.4,49,20,11.41,US,1595467938
457,batagay-alyta,67.8,130.41,75.7,40,0,6.22,RU,1595467938
458,guzelyurt,38.28,34.37,59.0,72,0,6.93,TR,1595467938
459,hovd,48.01,91.64,65.7,54,24,3.42,MN,1595467938
460,akdepe,42.06,59.38,80.6,47,97,9.17,TM,1595467939
461,thinadhoo,0.53,72.93,80.91,79,100,16.55,MV,1595467939
462,kalmunai,7.42,81.82,81.23,75,96,12.93,LK,1595467939
463,mananara,-16.17,49.77,64.04,79,93,9.15,MG,1595467939
464,gorlice,49.66,21.16,55.0,87,20,0.78,PL,1595467939
465,telixtac,18.57,-98.77,71.73,77,91,2.48,MX,1595467939
466,tocopilla,-22.09,-70.2,56.8,71,19,5.99,CL,1595467939
467,karratha,-20.74,116.85,75.06,34,0,14.45,AU,1595467939
468,nelson bay,-32.72,152.15,62.01,71,20,5.82,AU,1595467939
469,bay roberts,47.6,-53.26,63.0,66,76,1.01,CA,1595467939
470,mogoytuy,51.28,114.92,81.64,41,95,16.78,RU,1595467939
471,kibala,9.11,18.35,71.74,96,100,1.3,TD,1595467939
472,veseloyarsk,51.28,81.11,66.56,57,0,4.45,RU,1595467939
473,babocsa,46.04,17.34,64.54,90,30,3.33,HU,1595467939
474,concepcion del oro,24.63,-101.42,70.12,52,29,16.28,MX,1595467939
475,sulphur,30.24,-93.38,86.0,70,75,3.36,US,1595467719
476,odessa,46.48,30.73,69.8,49,86,2.24,UA,1595467875
477,kulhudhuffushi,6.62,73.07,81.84,79,94,20.47,MV,1595467940
478,mezen,65.85,44.24,65.37,74,19,10.87,RU,1595467940
479,la ronge,55.1,-105.28,73.4,73,75,6.06,CA,1595467940
480,upata,8.01,-62.4,75.99,90,100,1.01,VE,1595467940
481,mlonggo,-6.53,110.7,80.6,78,20,2.24,ID,1595467940
482,roma,43.21,-75.46,71.6,94,75,3.36,US,1595467906
483,port hardy,50.7,-127.42,62.6,72,20,13.87,CA,1595467824
484,lebanon,36.21,-86.29,80.01,88,40,3.36,US,1595467652
485,viedma,-40.81,-63.0,43.0,92,100,4.0,AR,1595467940
486,merrill,45.18,-89.68,68.0,77,90,4.7,US,1595467923
487,karia,11.73,11.16,78.15,73,84,5.39,NG,1595467940
488,zhigansk,66.77,123.37,64.31,66,6,19.8,RU,1595467940
489,mildura,-34.2,142.15,54.0,62,0,6.93,AU,1595467940
490,kaspiyskiy,45.39,47.37,76.95,39,0,6.2,RU,1595467940
491,sao gabriel da cachoeira,-0.13,-67.09,73.13,95,87,1.34,BR,1595467941
492,beloha,-25.17,45.05,61.54,82,94,13.04,MG,1595467941
493,auriflama,-20.69,-50.55,68.04,52,38,7.45,BR,1595467941
494,kachug,53.96,105.88,65.98,72,100,6.98,RU,1595467941
495,bloemfontein,-29.12,26.21,26.6,68,0,2.24,ZA,1595467941
496,chake chake,-5.25,39.77,74.39,72,79,13.11,TZ,1595467941
497,fortuna,40.6,-124.16,60.01,93,90,9.17,US,1595467941
498,lykhivka,48.69,33.92,57.33,78,0,5.93,UA,1595467941
499,urumqi,43.8,87.6,75.2,50,75,8.95,CN,1595467941
500,tuyen quang,21.82,105.22,87.39,69,31,1.52,VN,1595467941
501,fukue,32.69,128.84,80.6,94,75,8.05,JP,1595467941
502,olden,61.84,6.81,46.99,92,39,1.5,NO,1595467941
503,ostrovnoy,68.05,39.51,61.27,74,34,11.5,RU,1595467941
504,sol-iletsk,51.16,54.99,63.01,86,80,6.17,RU,1595467941
505,ajdabiya,30.76,20.23,70.0,85,0,8.97,LY,1595467941
506,ilulissat,69.22,-51.1,51.8,66,100,4.25,GL,1595467942
507,roald,62.58,6.13,50.0,76,88,3.36,NO,1595467942
508,riverton,40.52,-111.94,75.0,49,90,11.41,US,1595467942
509,willowmore,-33.29,23.49,47.77,48,0,2.46,ZA,1595467942
510,saint-francois,46.42,3.91,63.0,82,17,2.24,FR,1595467694
511,tongzi,28.78,105.09,75.4,94,100,0.92,CN,1595467942
512,betioky,-23.72,44.38,54.21,74,0,6.31,MG,1595467942
513,mount pleasant,32.79,-79.86,84.2,83,1,6.93,US,1595467942
514,georgiyevka,43.04,74.71,71.6,43,98,13.42,KZ,1595467942
515,christchurch,-43.53,172.63,46.0,70,100,16.11,NZ,1595467652
516,bose,45.46,8.01,68.0,80,0,1.01,IT,1595467942
517,husavik,66.04,-17.34,48.2,81,90,8.05,IS,1595467942
518,havre-saint-pierre,50.23,-63.6,57.2,87,1,6.93,CA,1595467942
519,nador,35.17,-2.93,75.2,88,90,3.91,MA,1595467942
520,kedrovyy,56.17,91.82,57.2,82,11,6.71,RU,1595467942
521,asau,46.43,26.4,57.99,99,90,1.41,RO,1595467944
522,jumla,29.27,82.18,65.73,59,16,2.46,NP,1595467944
523,santa isabel do rio negro,-0.41,-65.02,73.04,92,95,1.5,BR,1595467944
524,porto velho,-8.76,-63.9,78.8,69,100,1.12,BR,1595467765
525,saint-honore,48.53,-71.08,69.01,72,90,3.36,CA,1595467944
526,ouallam,14.32,2.09,88.88,46,1,10.58,NE,1595467944
527,ginda,30.69,78.49,65.91,67,26,1.5,IN,1595467944
528,coxim,-18.51,-54.76,70.39,36,0,2.19,BR,1595467944
529,sora,41.72,13.61,75.0,72,0,1.99,IT,1595467944
530,luwuk,-0.95,122.79,78.4,80,94,7.09,ID,1595467944
531,yulara,-25.24,130.99,55.4,43,0,14.99,AU,1595467944
532,pombas,17.15,-25.02,78.8,83,75,9.17,CV,1595467944
533,kawalu,-7.38,108.21,75.45,82,79,3.8,ID,1595467944
534,majene,-3.54,118.97,81.64,76,28,18.32,ID,1595467944
535,black river,18.03,-77.85,86.0,74,20,10.29,JM,1595467945
536,ouesso,1.61,16.05,70.27,90,100,3.58,CG,1595467945
537,mugumu,-1.85,34.7,61.43,63,25,2.24,TZ,1595467945
538,boa vista,2.82,-60.67,75.2,94,75,2.24,BR,1595467922
539,hofn,64.25,-15.21,49.23,84,100,10.07,IS,1595467945
540,buraydah,26.33,43.98,95.0,20,20,5.82,SA,1595467945
541,alenquer,-1.94,-54.74,78.8,88,40,3.36,BR,1595467945
542,stornoway,58.21,-6.39,55.99,100,100,4.7,GB,1595467945
543,mana,5.66,-53.78,77.07,87,100,7.34,GF,1595467945
544,tuy hoa,13.08,109.3,83.46,70,46,2.86,VN,1595467794
545,rio grande,-32.03,-52.1,68.0,87,100,10.76,BR,1595467749
546,eureka,40.8,-124.16,60.8,77,90,8.05,US,1595467907
547,khandbari,27.37,87.2,75.61,71,97,1.52,NP,1595467945
548,shumskiy,54.83,99.13,67.86,61,9,1.86,RU,1595467945
549,kununurra,-15.77,128.73,75.2,25,0,11.41,AU,1595467653
550,bathsheba,13.22,-59.52,82.4,69,40,17.22,BB,1595467945
551,vardo,70.37,31.11,51.66,93,46,19.26,NO,1595467945
552,toktogul,41.87,72.94,70.23,42,97,0.69,KG,1595467946
553,berlevag,70.86,29.09,50.02,92,94,12.35,NO,1595467946
554,santa isabel,-23.32,-46.22,64.4,82,9,0.2,BR,1595467946
555,indian head,38.6,-77.16,75.2,94,40,5.26,US,1595467683
556,alcudia,39.85,3.12,77.0,65,0,6.93,ES,1595467946
557,rabo de peixe,37.8,-25.58,64.4,77,20,4.7,PT,1595467946
558,lamont,35.26,-118.91,98.01,19,0,10.0,US,1595467946
559,manchester,53.48,-2.24,59.0,82,90,3.36,GB,1595467946
560,shimoda,34.67,138.95,78.8,88,75,5.82,JP,1595467946
561,ahipara,-35.17,173.17,59.97,65,97,14.25,NZ,1595467946
562,neiafu,-18.65,-173.98,78.8,69,40,9.17,TO,1595467946
563,pacific grove,36.62,-121.92,66.99,72,75,14.99,US,1595467689
564,margate,51.38,1.39,62.01,45,24,1.01,GB,1595467818
565,nhulunbuy,-12.23,136.77,82.4,58,40,12.75,AU,1595467946
566,mazagao,-0.12,-51.29,78.8,100,75,3.36,BR,1595467946
567,oliveira dos brejinhos,-12.32,-42.9,66.96,65,90,6.31,BR,1595467947
568,rocha,-34.48,-54.33,65.62,94,100,8.03,UY,1595467947
569,andrews,32.32,-102.55,82.4,48,1,12.75,US,1595467947
570,kupang,-10.17,123.58,82.4,51,20,18.34,ID,1595467662
571,solnechnyy,50.72,136.63,64.0,84,91,5.59,RU,1595467947
572,amursk,50.23,136.9,70.7,75,95,11.16,RU,1595467947
573,seoul,37.57,126.98,73.4,88,1,4.7,KR,1595467901
574,teknaf,20.86,92.31,79.81,90,100,7.52,BD,1595467947
